{"Ecosystem and Carbon Cycle": {"children": {"Biomass ": {"children": {"GlobalCarbon": {"children": {}}, "NBCD2000": {"children": {}, "Spatial Distribution Score global": [-999.0, -0.019257865012085307, 0.019257865012085266, -999.0], "Bias Score global": [-999.0, -0.03129730877189374, 0.03129730877189374, -999.0], "Overall Score global": [-999.0, -0.025277586891989112, 0.0252775868919905, -999.0]}, "USForest": {"children": {}, "Spatial Distribution Score global": [-999.0, -0.014570666041286177, 0.014570666041286177, -999.0], "Bias Score global": [-999.0, -0.024138095877554444, 0.02413809587755722, -999.0], "Overall Score global": [-999.0, -0.01935438095942016, 0.019354380959421547, -999.0]}, "ESACCI": {"children": {}, "Spatial Distribution Score global": [-999.0, -999.0, -999.0, -999.0], "Bias Score global": [-999.0, -999.0, -999.0, -999.0]}}}, "Leaf Area Index": {"children": {"AVHRR": {"children": {}}, "AVH15C1": {"children": {}}, "MODIS": {"children": {}}}}, "Net Ecosystem Exchange": {"children": {"FLUXNET2015": {"children": {}, "Bias Score global": [-999.0, 0.13661725197086777, -0.13661725197086777, -999.0], "Seasonal Cycle Score global": [-999.0, -0.1829082030806492, 0.1829082030806506, -999.0], "RMSE Score global": [-999.0, 0.21924921095296396, -0.21924921095296396, -999.0], "Overall Score global": [-999.0, 0.09805186769903662, -0.09805186769903662, -999.0]}}, "Bias Score global": [-999.0, 0.13661725197086777, -0.13661725197086777, -999.0], "Seasonal Cycle Score global": [-999.0, -0.1829082030806492, 0.1829082030806506, -999.0], "RMSE Score global": [-999.0, 0.21924921095296396, -0.21924921095296396, -999.0], "Overall Score global": [-999.0, 0.09805186769903662, -0.09805186769903662, -999.0]}, "Ecosystem Respiration": {"children": {"FLUXNET2015": {"children": {}, "Bias Score global": [-999.0, -0.0757452006654169, 0.0757452006654169, -999.0], "Seasonal Cycle Score global": [-999.0, -0.03462688898908106, 0.03462688898908106, -999.0], "RMSE Score global": [-999.0, -0.012982693613589058, 0.012982693613589058, -999.0], "Overall Score global": [-999.0, -0.03408436922041902, 0.03408436922041902, -999.0]}, "FLUXCOM": {"children": {}, "Spatial Distribution Score global": [-999.0, -1.3203473916167097, 0.22141171695397563, 1.0989356746627363], "Seasonal Cycle Score global": [-999.0, -0.25685947999814496, -0.5549601546234517, 0.8118196346215967], "Bias Score global": [-999.0, 0.5441357736059611, 0.858390955840875, -1.4025267294468335], "RMSE Score global": [-999.0, 0.2274720423866894, 0.2572150918993432, -0.48468713428602705], "Overall Score global": [-999.0, -0.15545076862138463, 0.2315901028121875, -0.0761393341908001]}}, "Bias Score global": [-999.0, -0.11394273081849343, 0.11394273081849204, -999.0], "Seasonal Cycle Score global": [-999.0, 0.038844001531612715, -0.038844001531612715, -999.0], "RMSE Score global": [-999.0, -0.013738226070683646, 0.013738226070683646, -999.0], "Overall Score global": [-999.0, -0.09785879581896695, 0.09785879581896695, -999.0]}, "Gross Primary Productivity": {"children": {"GBAF": {"children": {}, "Spatial Distribution Score global": [-999.0, 0.6431793336063943, 0.7691624858952196, -1.4123418195016109], "Seasonal Cycle Score global": [-999.0, -0.3787567199558195, -0.4121502205857386, 0.7909069405415636], "Bias Score global": [-999.0, 0.7394062248687857, 0.6743078194858477, -1.4137140443546325], "RMSE Score global": [-999.0, 0.09390046611223724, -0.10357484683511664, 0.009674380722882181], "Overall Score global": [-999.0, 0.7058097274760557, 0.7084030423147499, -1.4142127697908058]}}, "Spatial Distribution Score global": [-999.0, 0.6431793336063943, 0.7691624858952196, -1.4123418195016109], "Seasonal Cycle Score global": [-999.0, -0.3787567199558195, -0.4121502205857386, 0.7909069405415636], "Bias Score global": [-999.0, 0.7394062248687857, 0.6743078194858477, -1.4137140443546325], "RMSE Score global": [-999.0, 0.09390046611223724, -0.10357484683511664, 0.009674380722882181], "Overall Score global": [-999.0, 0.7058097274760557, 0.7084030423147499, -1.4142127697908058]}}}, "Hydrology Cycle": {"children": {"Evapotranspiration": {"children": {"MODIS": {"children": {}, "Spatial Distribution Score global": [-999.0, 0.1393783808592508, -0.1393783808592508, -999.0], "Seasonal Cycle Score global": [-999.0, 0.13832130907121543, -0.13832130907120987, -999.0], "Bias Score global": [-999.0, 0.11646192658673615, -0.11646192658673615, -999.0], "RMSE Score global": [-999.0, -0.019188013979359875, 0.019188013979359875, -999.0], "Overall Score global": [-999.0, 0.07115711771169542, -0.07115711771170097, -999.0]}}, "Spatial Distribution Score global": [-999.0, 0.1393783808592508, -0.1393783808592508, -999.0], "Seasonal Cycle Score global": [-999.0, 0.13832130907121543, -0.13832130907120987, -999.0], "Bias Score global": [-999.0, 0.11646192658673615, -0.11646192658673615, -999.0], "RMSE Score global": [-999.0, -0.019188013979359875, 0.019188013979359875, -999.0], "Overall Score global": [-999.0, 0.07115711771169542, -0.07115711771170097, -999.0]}, "Latent Heat": {"children": {"FLUXCOM": {"children": {}, "Spatial Distribution Score global": [-999.0, 0.6757376537248394, 0.46655365359504763, -1.142291307319876], "Seasonal Cycle Score global": [-999.0, -0.5369500265500204, -0.7060259755094833, 1.2429760020595038], "Bias Score global": [-999.0, 0.7775547948357798, 0.6342359972993623, -1.411790792135142], "RMSE Score global": [-999.0, 0.16190406268382085, 0.200886802062622, -0.3627908647464373], "Overall Score global": [-999.0, 0.3774951872951571, 0.26490954760238217, -0.6424047348975281]}, "WECANN": {"children": {}, "Spatial Distribution Score global": [-999.0, 0.014829971059138192, -0.014829971059138192, -999.0], "Seasonal Cycle Score global": [-999.0, -0.13943158368999176, 0.13943158368999176, -999.0], "Bias Score global": [-999.0, 0.17191123900122673, -0.17191123900122673, -999.0], "RMSE Score global": [-999.0, -0.05148303964433998, 0.05148303964433998, -999.0], "Overall Score global": [-999.0, -0.011131290583665798, 0.011131290583660247, -999.0]}}, "Spatial Distribution Score global": [-999.0, 0.05971098556201704, -0.05971098556201704, -999.0], "Seasonal Cycle Score global": [-999.0, -0.02744680460513016, 0.02744680460513016, -999.0], "Bias Score global": [-999.0, 0.15161405153366614, -0.1516140515336606, -999.0], "RMSE Score global": [-999.0, -0.03548720466687305, 0.0354872046668675, -999.0], "Overall Score global": [-999.0, 0.022580764631363603, -0.022580764631363603, -999.0]}, "Sensible Heat": {"children": {"Fluxcom": {"children": {}, "Spatial Distribution Score global": [-999.0, 0.5953951114630558, 0.8132158053972389, -1.4086109168602998], "Seasonal Cycle Score global": [-999.0, 0.33984679963688924, -0.14662195444174464, -0.19322484519512795], "Bias Score global": [-999.0, 0.42240707646183373, -0.4837046097516451, 0.06129753328982801], "RMSE Score global": [-999.0, 0.4301048470551905, 0.3403815575553193, -0.7704864046105209], "Overall Score global": [-999.0, 0.453240884898376, 0.18593700300214566, -0.6391778879005272]}, "WECANN": {"children": {}, "Spatial Distribution Score global": [-999.0, -0.027815641613165853, 0.027815641613160302, -999.0], "Seasonal Cycle Score global": [-999.0, -0.01650476773212839, 0.01650476773212839, -999.0], "Bias Score global": [-999.0, 0.5596469588352304, -0.5596469588352304, -999.0], "RMSE Score global": [-999.0, -0.0014662783194563378, 0.0014662783194507867, -999.0], "Overall Score global": [-999.0, 0.1024787985702047, -0.1024787985702047, -999.0]}}, "Spatial Distribution Score global": [-999.0, -0.0727847232592671, 0.0727847232592671, -999.0], "Seasonal Cycle Score global": [-999.0, 0.11336480465359844, -0.11336480465359289, -999.0], "Bias Score global": [-999.0, 0.5063514009709891, -0.5063514009709835, -999.0], "RMSE Score global": [-999.0, 0.02169768321523824, -0.02169768321524379, -999.0], "Overall Score global": [-999.0, 0.11806536975916271, -0.11806536975915716, -999.0]}},